Title,Type,Platforms
Venom: The Last Dance,Movie,"N, o, n,  , d, i, s, p, o, n, i, b, l, e,  , e, n,  , F, r, a, n, c, e"
Le Robot sauvage,Movie,"N, o, n,  , d, i, s, p, o, n, i, b, l, e,  , e, n,  , F, r, a, n, c, e"
Alien : Romulus,Movie,"N, o, n,  , d, i, s, p, o, n, i, b, l, e,  , e, n,  , F, r, a, n, c, e"
The Substance,Movie,"N, o, n,  , d, i, s, p, o, n, i, b, l, e,  , e, n,  , F, r, a, n, c, e"
Terrifier 3,Movie,"N, o, n,  , d, i, s, p, o, n, i, b, l, e,  , e, n,  , F, r, a, n, c, e"
Deadpool & Wolverine,Movie,"N, o, n,  , d, i, s, p, o, n, i, b, l, e,  , e, n,  , F, r, a, n, c, e"
Transformers: Le Commencement,Movie,"N, o, n,  , d, i, s, p, o, n, i, b, l, e,  , e, n,  , F, r, a, n, c, e"
Vice-versa 2,Movie,"N, o, n,  , d, i, s, p, o, n, i, b, l, e,  , e, n,  , F, r, a, n, c, e"
"Moi, moche et méchant 4",Movie,"N, o, n,  , d, i, s, p, o, n, i, b, l, e,  , e, n,  , F, r, a, n, c, e"
Beetlejuice Beetlejuice,Movie,"N, o, n,  , d, i, s, p, o, n, i, b, l, e,  , e, n,  , F, r, a, n, c, e"
Azrael,Movie,"N, o, n,  , d, i, s, p, o, n, i, b, l, e,  , e, n,  , F, r, a, n, c, e"
My Hero Academia: You’re Next,Movie,"N, o, n,  , d, i, s, p, o, n, i, b, l, e,  , e, n,  , F, r, a, n, c, e"
La Plateforme 2,Movie,"Netflix, Netflix basic with Ads"
Venom,Movie,"Netflix, Netflix basic with Ads"
Heavenly Touch,Movie,"N, o, n,  , d, i, s, p, o, n, i, b, l, e,  , e, n,  , F, r, a, n, c, e"
Venom: Let There Be Carnage,Movie,"N, o, n,  , d, i, s, p, o, n, i, b, l, e,  , e, n,  , F, r, a, n, c, e"
Les Noces funèbres,Movie,Max
Terrifier,Movie,"Shadowz, Insomnia Amazon Channel, Shadowz Amazon Channel"
Hellboy: The Crooked Man,Movie,"N, o, n,  , d, i, s, p, o, n, i, b, l, e,  , e, n,  , F, r, a, n, c, e"
Survivre,Movie,"N, o, n,  , d, i, s, p, o, n, i, b, l, e,  , e, n,  , F, r, a, n, c, e"
Survivre,Movie,"N, o, n,  , d, i, s, p, o, n, i, b, l, e,  , e, n,  , F, r, a, n, c, e"
L'Ombre rebelle,Movie,"Netflix, Netflix basic with Ads"
The Silent Hour,Movie,"N, o, n,  , d, i, s, p, o, n, i, b, l, e,  , e, n,  , F, r, a, n, c, e"
Smile 2,Movie,"N, o, n,  , d, i, s, p, o, n, i, b, l, e,  , e, n,  , F, r, a, n, c, e"
Transmorphers: Mech Beasts,Movie,"N, o, n,  , d, i, s, p, o, n, i, b, l, e,  , e, n,  , F, r, a, n, c, e"
Outside,Movie,"Netflix, Netflix basic with Ads"
Bad Boys: Ride or Die,Movie,"N, o, n,  , d, i, s, p, o, n, i, b, l, e,  , e, n,  , F, r, a, n, c, e"
Joker : Folie à deux,Movie,"N, o, n,  , d, i, s, p, o, n, i, b, l, e,  , e, n,  , F, r, a, n, c, e"
Smugglers,Movie,"N, o, n,  , d, i, s, p, o, n, i, b, l, e,  , e, n,  , F, r, a, n, c, e"
Winnie-the-Pooh: Blood and Honey 2,Movie,"N, o, n,  , d, i, s, p, o, n, i, b, l, e,  , e, n,  , F, r, a, n, c, e"
Kamp Frayeur,Movie,"Paramount Plus, Paramount+ Amazon Channel, Paramount Plus Apple TV Channel "
Operation Black Ops,Movie,"N, o, n,  , d, i, s, p, o, n, i, b, l, e,  , e, n,  , F, r, a, n, c, e"
Terrifier 2,Movie,"Shadowz Amazon Channel, Molotov TV"
"Flow, le chat qui n'avait plus peur de l'eau",Movie,"N, o, n,  , d, i, s, p, o, n, i, b, l, e,  , e, n,  , F, r, a, n, c, e"
The Crow,Movie,"N, o, n,  , d, i, s, p, o, n, i, b, l, e,  , e, n,  , F, r, a, n, c, e"
À contre-sens,Movie,Amazon Prime Video
Soulèvement,Movie,"Netflix, Netflix basic with Ads"
Project Silence,Movie,"N, o, n,  , d, i, s, p, o, n, i, b, l, e,  , e, n,  , F, r, a, n, c, e"
Lee Miller,Movie,"N, o, n,  , d, i, s, p, o, n, i, b, l, e,  , e, n,  , F, r, a, n, c, e"
Bagman,Movie,"N, o, n,  , d, i, s, p, o, n, i, b, l, e,  , e, n,  , F, r, a, n, c, e"
Pleasure,Movie,Universcine
Lee Miller,Movie,"N, o, n,  , d, i, s, p, o, n, i, b, l, e,  , e, n,  , F, r, a, n, c, e"
Les Inséparables,Movie,Cine+ OCS Amazon Channel 
Jamais plus - It Ends with Us,Movie,"N, o, n,  , d, i, s, p, o, n, i, b, l, e,  , e, n,  , F, r, a, n, c, e"
Les Bad Guys : Un bonbon ou un casse,Movie,Netflix
Kelas Bintang - Hot Moms,Movie,"N, o, n,  , d, i, s, p, o, n, i, b, l, e,  , e, n,  , F, r, a, n, c, e"
Coco,Movie,Disney Plus
Blood for Dust,Movie,Canal+
Mother Land,Movie,"N, o, n,  , d, i, s, p, o, n, i, b, l, e,  , e, n,  , F, r, a, n, c, e"
Speak No Evil,Movie,"N, o, n,  , d, i, s, p, o, n, i, b, l, e,  , e, n,  , F, r, a, n, c, e"
Blue & Compagnie,Movie,"N, o, n,  , d, i, s, p, o, n, i, b, l, e,  , e, n,  , F, r, a, n, c, e"
Une femme en jeu,Movie,"Netflix, Netflix basic with Ads"
くノ一忍法帖 IV 忠臣蔵秘抄,Movie,"N, o, n,  , d, i, s, p, o, n, i, b, l, e,  , e, n,  , F, r, a, n, c, e"
The Killer's Game,Movie,"N, o, n,  , d, i, s, p, o, n, i, b, l, e,  , e, n,  , F, r, a, n, c, e"
Borderlands,Movie,"N, o, n,  , d, i, s, p, o, n, i, b, l, e,  , e, n,  , F, r, a, n, c, e"
Garfield : Héros malgré lui,Movie,"N, o, n,  , d, i, s, p, o, n, i, b, l, e,  , e, n,  , F, r, a, n, c, e"
L'Étrange Noël de monsieur Jack,Movie,Disney Plus
착한 엄마 3,Movie,"N, o, n,  , d, i, s, p, o, n, i, b, l, e,  , e, n,  , F, r, a, n, c, e"
Kung Fu Panda 4,Movie,"N, o, n,  , d, i, s, p, o, n, i, b, l, e,  , e, n,  , F, r, a, n, c, e"
La Chair,Movie,"N, o, n,  , d, i, s, p, o, n, i, b, l, e,  , e, n,  , F, r, a, n, c, e"
Wolfs,Movie,Apple TV Plus
Terrifier,Movie,"N, o, n,  , d, i, s, p, o, n, i, b, l, e,  , e, n,  , F, r, a, n, c, e"
Female Ninjas Magic Chronicles 2: Secret of the Christian Bells,Movie,"N, o, n,  , d, i, s, p, o, n, i, b, l, e,  , e, n,  , F, r, a, n, c, e"
La marque de la vengeance 2,Movie,"N, o, n,  , d, i, s, p, o, n, i, b, l, e,  , e, n,  , F, r, a, n, c, e"
La Planète des singes : Le Nouveau Royaume,Movie,"N, o, n,  , d, i, s, p, o, n, i, b, l, e,  , e, n,  , F, r, a, n, c, e"
Diabolik chi sei?,Movie,"N, o, n,  , d, i, s, p, o, n, i, b, l, e,  , e, n,  , F, r, a, n, c, e"
일본 엄마,Movie,"N, o, n,  , d, i, s, p, o, n, i, b, l, e,  , e, n,  , F, r, a, n, c, e"
Twisters,Movie,"N, o, n,  , d, i, s, p, o, n, i, b, l, e,  , e, n,  , F, r, a, n, c, e"
Migration,Movie,Canal+
Maníaco do Parque,Movie,Amazon Prime Video
Temurun,Movie,"N, o, n,  , d, i, s, p, o, n, i, b, l, e,  , e, n,  , F, r, a, n, c, e"
Trouble,Movie,"Netflix, Netflix basic with Ads"
Dragonkeeper,Movie,"N, o, n,  , d, i, s, p, o, n, i, b, l, e,  , e, n,  , F, r, a, n, c, e"
Sans un bruit : Jour 1,Movie,"N, o, n,  , d, i, s, p, o, n, i, b, l, e,  , e, n,  , F, r, a, n, c, e"
Hijack 1971,Movie,"N, o, n,  , d, i, s, p, o, n, i, b, l, e,  , e, n,  , F, r, a, n, c, e"
Subservience,Movie,"N, o, n,  , d, i, s, p, o, n, i, b, l, e,  , e, n,  , F, r, a, n, c, e"
All Hallows' Eve - A Terrifier Story,Movie,"Shadowz Amazon Channel, Molotov TV"
Bangkok Breaking : Enfer et paradis,Movie,"Netflix, Netflix basic with Ads"
Le Labyrinthe,Movie,"Disney Plus, Amazon Prime Video"
Godzilla x Kong : Le Nouvel Empire,Movie,"N, o, n,  , d, i, s, p, o, n, i, b, l, e,  , e, n,  , F, r, a, n, c, e"
Tatsulok: Tatlo Magkasalo,Movie,"N, o, n,  , d, i, s, p, o, n, i, b, l, e,  , e, n,  , F, r, a, n, c, e"
Smile,Movie,"N, o, n,  , d, i, s, p, o, n, i, b, l, e,  , e, n,  , F, r, a, n, c, e"
Taken 3,Movie,"Netflix, Netflix basic with Ads"
Furiosa : Une saga Mad Max,Movie,"N, o, n,  , d, i, s, p, o, n, i, b, l, e,  , e, n,  , F, r, a, n, c, e"
Beetlejuice,Movie,"Canal+, Max"
The Arctic Convoy,Movie,Canal+
Kill,Movie,"N, o, n,  , d, i, s, p, o, n, i, b, l, e,  , e, n,  , F, r, a, n, c, e"
The Clean Up Crew,Movie,"N, o, n,  , d, i, s, p, o, n, i, b, l, e,  , e, n,  , F, r, a, n, c, e"
Descendants : L’Ascension de Red,Movie,Disney Plus
S.O.S. Bikini Bottom : Une mission pour Sandy Écureuil,Movie,"Netflix, Netflix basic with Ads"
Exorcism in Utero,Movie,"N, o, n,  , d, i, s, p, o, n, i, b, l, e,  , e, n,  , F, r, a, n, c, e"
Coraline,Movie,"N, o, n,  , d, i, s, p, o, n, i, b, l, e,  , e, n,  , F, r, a, n, c, e"
Joker,Movie,"Netflix, Amazon Prime Video, Canal+, Netflix basic with Ads, Max"
The Most Wonderful Time of the Year,Movie,Disney Plus
Civil War,Movie,"N, o, n,  , d, i, s, p, o, n, i, b, l, e,  , e, n,  , F, r, a, n, c, e"
Piégés dans La Savane,Movie,"N, o, n,  , d, i, s, p, o, n, i, b, l, e,  , e, n,  , F, r, a, n, c, e"
Fast & Furious X,Movie,"Netflix, Netflix basic with Ads"
Croquette le chat merveilleux,Movie,"N, o, n,  , d, i, s, p, o, n, i, b, l, e,  , e, n,  , F, r, a, n, c, e"
The Batman,Movie,"N, o, n,  , d, i, s, p, o, n, i, b, l, e,  , e, n,  , F, r, a, n, c, e"
Transformers : Rise of the Beasts,Movie,"Cine+ OCS Amazon Channel , Molotov TV"
Braquage,Movie,"Netflix, Netflix basic with Ads"
Longlegs,Movie,"N, o, n,  , d, i, s, p, o, n, i, b, l, e,  , e, n,  , F, r, a, n, c, e"
The Most Wonderful Time of the Year,Movie,Disney Plus
Exorcism in Utero,Movie,"N, o, n,  , d, i, s, p, o, n, i, b, l, e,  , e, n,  , F, r, a, n, c, e"
Daddy's Head,Movie,"N, o, n,  , d, i, s, p, o, n, i, b, l, e,  , e, n,  , F, r, a, n, c, e"
Diabolik chi sei?,Movie,"N, o, n,  , d, i, s, p, o, n, i, b, l, e,  , e, n,  , F, r, a, n, c, e"
365 jours : Au lendemain,Movie,"Netflix, Netflix basic with Ads"
Hounds of War,Movie,"N, o, n,  , d, i, s, p, o, n, i, b, l, e,  , e, n,  , F, r, a, n, c, e"
Avengers : Infinity War,Movie,Disney Plus
Maníaco do Parque,Movie,Amazon Prime Video
Descendants : L’Ascension de Red,Movie,Disney Plus
Monstres & Cie,Movie,Disney Plus
Le Chat Potté 2 : la dernière quête,Movie,"N, o, n,  , d, i, s, p, o, n, i, b, l, e,  , e, n,  , F, r, a, n, c, e"
Spider-Man : No Way Home,Movie,"N, o, n,  , d, i, s, p, o, n, i, b, l, e,  , e, n,  , F, r, a, n, c, e"
Kill,Movie,"N, o, n,  , d, i, s, p, o, n, i, b, l, e,  , e, n,  , F, r, a, n, c, e"
"Miraculous World : Paris, Les Aventures de Toxinelle et Griffe Noire",Movie,Disney Plus
"Sonic 2, le film",Movie,"N, o, n,  , d, i, s, p, o, n, i, b, l, e,  , e, n,  , F, r, a, n, c, e"
Vaiana 2,Movie,"N, o, n,  , d, i, s, p, o, n, i, b, l, e,  , e, n,  , F, r, a, n, c, e"
xXx,Movie,Amazon Prime Video
Mission : Impossible - Dead Reckoning Partie 1,Movie,"N, o, n,  , d, i, s, p, o, n, i, b, l, e,  , e, n,  , F, r, a, n, c, e"
Le Seigneur des anneaux : La Communauté de l'anneau,Movie,Amazon Prime Video
Vaiana 2,Movie,"N, o, n,  , d, i, s, p, o, n, i, b, l, e,  , e, n,  , F, r, a, n, c, e"
xXx,Movie,Amazon Prime Video
Hounds of War,Movie,"N, o, n,  , d, i, s, p, o, n, i, b, l, e,  , e, n,  , F, r, a, n, c, e"
The Convert,Movie,"N, o, n,  , d, i, s, p, o, n, i, b, l, e,  , e, n,  , F, r, a, n, c, e"
The Forge,Movie,"N, o, n,  , d, i, s, p, o, n, i, b, l, e,  , e, n,  , F, r, a, n, c, e"
Seven Cemeteries,Movie,"N, o, n,  , d, i, s, p, o, n, i, b, l, e,  , e, n,  , F, r, a, n, c, e"
Caddo Lake,Movie,Max
Skinford 2: The Curse,Movie,"N, o, n,  , d, i, s, p, o, n, i, b, l, e,  , e, n,  , F, r, a, n, c, e"
"Wish, Asha et la bonne étoile",Movie,Canal+
Gladiator II,Movie,"N, o, n,  , d, i, s, p, o, n, i, b, l, e,  , e, n,  , F, r, a, n, c, e"
John Wick : Chapitre 4,Movie,Amazon Prime Video
Vice-versa,Movie,Disney Plus
Die Alone,Movie,"N, o, n,  , d, i, s, p, o, n, i, b, l, e,  , e, n,  , F, r, a, n, c, e"
Mr. Crocket,Movie,Disney Plus
Les Évadés,Movie,"Canal+, Max"
Carved,Movie,Disney Plus
The Red,Movie,"N, o, n,  , d, i, s, p, o, n, i, b, l, e,  , e, n,  , F, r, a, n, c, e"
鴨王,Movie,"N, o, n,  , d, i, s, p, o, n, i, b, l, e,  , e, n,  , F, r, a, n, c, e"
Zootopie,Movie,Disney Plus
Caddo Lake,Movie,Max
Blink Twice,Movie,"N, o, n,  , d, i, s, p, o, n, i, b, l, e,  , e, n,  , F, r, a, n, c, e"
Mr. Crocket,Movie,Disney Plus
Nom de code : Rouge,Movie,"N, o, n,  , d, i, s, p, o, n, i, b, l, e,  , e, n,  , F, r, a, n, c, e"
Farang,Movie,Cine+ OCS Amazon Channel 
Jurassic World : Le Monde d’après,Movie,"N, o, n,  , d, i, s, p, o, n, i, b, l, e,  , e, n,  , F, r, a, n, c, e"
Jack in the Box : Résurrection,Movie,"N, o, n,  , d, i, s, p, o, n, i, b, l, e,  , e, n,  , F, r, a, n, c, e"
Salem's Lot,Movie,Max
Croquette le chat merveilleux,Movie,"N, o, n,  , d, i, s, p, o, n, i, b, l, e,  , e, n,  , F, r, a, n, c, e"
Cars 2,Movie,Disney Plus
Lonely Planet,Movie,"Netflix, Netflix basic with Ads"
Pirates des Caraïbes : Le Secret du coffre maudit,Movie,Disney Plus
Skinford 2: The Curse,Movie,"N, o, n,  , d, i, s, p, o, n, i, b, l, e,  , e, n,  , F, r, a, n, c, e"
The Batman,Movie,"N, o, n,  , d, i, s, p, o, n, i, b, l, e,  , e, n,  , F, r, a, n, c, e"
Cinquante nuances de Grey,Movie,Amazon Prime Video
Profession ceinture noire,Movie,"Netflix, Netflix basic with Ads"
"Wish, Asha et la bonne étoile",Movie,Canal+
Spider-Man : New Generation,Movie,"Netflix, Netflix basic with Ads"
Pulp Fiction,Movie,"Netflix, Canal+, Netflix basic with Ads, Paramount Plus, Paramount+ Amazon Channel, Paramount Plus Apple TV Channel "
MadS,Movie,"N, o, n,  , d, i, s, p, o, n, i, b, l, e,  , e, n,  , F, r, a, n, c, e"
Interstellar,Movie,"Netflix, Canal+, Netflix basic with Ads, Max"
Les Indestructibles,Movie,Disney Plus
Cars 3,Movie,Disney Plus
"Sonic 2, le film",Movie,"N, o, n,  , d, i, s, p, o, n, i, b, l, e,  , e, n,  , F, r, a, n, c, e"
Padre no hay más que uno 4: Campanas de boda,Movie,"N, o, n,  , d, i, s, p, o, n, i, b, l, e,  , e, n,  , F, r, a, n, c, e"
Harry Potter et la Coupe de feu,Movie,"Canal+, Max"
"Sonic 3, le film",Movie,"N, o, n,  , d, i, s, p, o, n, i, b, l, e,  , e, n,  , F, r, a, n, c, e"
Collections privées,Movie,"N, o, n,  , d, i, s, p, o, n, i, b, l, e,  , e, n,  , F, r, a, n, c, e"
King of Killers,Movie,"N, o, n,  , d, i, s, p, o, n, i, b, l, e,  , e, n,  , F, r, a, n, c, e"
นักรบมนตรา: ตำนานแปดดวงจันทร์,Movie,"N, o, n,  , d, i, s, p, o, n, i, b, l, e,  , e, n,  , F, r, a, n, c, e"
หอแต๋วแตก แหกสัปะหยด,Movie,"N, o, n,  , d, i, s, p, o, n, i, b, l, e,  , e, n,  , F, r, a, n, c, e"
Female Ninjas : Magic Chronicles,Movie,"N, o, n,  , d, i, s, p, o, n, i, b, l, e,  , e, n,  , F, r, a, n, c, e"
Blue Lock le film - Episode Nagi,Movie,"N, o, n,  , d, i, s, p, o, n, i, b, l, e,  , e, n,  , F, r, a, n, c, e"
Monstres & Cie,Movie,Disney Plus
Rebel Ridge,Movie,"Netflix, Netflix basic with Ads"
Unang Tikim,Movie,"N, o, n,  , d, i, s, p, o, n, i, b, l, e,  , e, n,  , F, r, a, n, c, e"
Bandida - A Número Um,Movie,"Netflix, Netflix basic with Ads"
Deus Irae,Movie,"N, o, n,  , d, i, s, p, o, n, i, b, l, e,  , e, n,  , F, r, a, n, c, e"
Strange Darling,Movie,"N, o, n,  , d, i, s, p, o, n, i, b, l, e,  , e, n,  , F, r, a, n, c, e"
Money Electric: The Bitcoin Mystery,Movie,Max
The Union,Movie,"Netflix, Netflix basic with Ads"
장모의유혹,Movie,"N, o, n,  , d, i, s, p, o, n, i, b, l, e,  , e, n,  , F, r, a, n, c, e"
Harry Potter et l'Ordre du Phénix,Movie,"Canal+, Max"
くノ一忍法帖 影ノ月,Movie,"N, o, n,  , d, i, s, p, o, n, i, b, l, e,  , e, n,  , F, r, a, n, c, e"
"Le Monde de Narnia : Le Lion, la sorcière blanche et l'armoire magique",Movie,Disney Plus
과외의 목적,Movie,"N, o, n,  , d, i, s, p, o, n, i, b, l, e,  , e, n,  , F, r, a, n, c, e"
La Hierba del Diablo,Movie,"N, o, n,  , d, i, s, p, o, n, i, b, l, e,  , e, n,  , F, r, a, n, c, e"
Justice League : Crisis on Infinite Earths Partie 3,Movie,"N, o, n,  , d, i, s, p, o, n, i, b, l, e,  , e, n,  , F, r, a, n, c, e"
Alerte rouge,Movie,Disney Plus
Gran Turismo,Movie,Canal+
Mission : Impossible - Dead Reckoning Partie 1,Movie,"N, o, n,  , d, i, s, p, o, n, i, b, l, e,  , e, n,  , F, r, a, n, c, e"
Le Comte de Monte-Cristo,Movie,"N, o, n,  , d, i, s, p, o, n, i, b, l, e,  , e, n,  , F, r, a, n, c, e"
Le Seigneur des anneaux : Le Retour du roi,Movie,Amazon Prime Video
Avengers,Movie,Disney Plus
MaXXXine,Movie,"N, o, n,  , d, i, s, p, o, n, i, b, l, e,  , e, n,  , F, r, a, n, c, e"
The Killer,Movie,"N, o, n,  , d, i, s, p, o, n, i, b, l, e,  , e, n,  , F, r, a, n, c, e"
L'homme qui aimait les soucoupes volantes,Movie,"Netflix, Netflix basic with Ads"
Inception,Movie,"Canal+, Max"
Pirates des Caraïbes : Le Secret du coffre maudit,Movie,Disney Plus
Avatar : La Voie de l'eau,Movie,Disney Plus
FROM,TV Show,"N, o, n,  , d, i, s, p, o, n, i, b, l, e,  , e, n,  , F, r, a, n, c, e"
Pinoy Big Brother,TV Show,"N, o, n,  , d, i, s, p, o, n, i, b, l, e,  , e, n,  , F, r, a, n, c, e"
Tagesschau,TV Show,"N, o, n,  , d, i, s, p, o, n, i, b, l, e,  , e, n,  , F, r, a, n, c, e"
锦绣安宁,TV Show,"N, o, n,  , d, i, s, p, o, n, i, b, l, e,  , e, n,  , F, r, a, n, c, e"
¿Ganar o servir?,TV Show,"N, o, n,  , d, i, s, p, o, n, i, b, l, e,  , e, n,  , F, r, a, n, c, e"
Big Brother: Live Stream,TV Show,"N, o, n,  , d, i, s, p, o, n, i, b, l, e,  , e, n,  , F, r, a, n, c, e"
Gran hermano,TV Show,"N, o, n,  , d, i, s, p, o, n, i, b, l, e,  , e, n,  , F, r, a, n, c, e"
Un si grand soleil,TV Show,"N, o, n,  , d, i, s, p, o, n, i, b, l, e,  , e, n,  , F, r, a, n, c, e"
Big Brother: Late and Live,TV Show,"N, o, n,  , d, i, s, p, o, n, i, b, l, e,  , e, n,  , F, r, a, n, c, e"
Come Home Love: Lo and Behold,TV Show,"N, o, n,  , d, i, s, p, o, n, i, b, l, e,  , e, n,  , F, r, a, n, c, e"
Big Brother,TV Show,"N, o, n,  , d, i, s, p, o, n, i, b, l, e,  , e, n,  , F, r, a, n, c, e"
Teta Zozo,TV Show,"N, o, n,  , d, i, s, p, o, n, i, b, l, e,  , e, n,  , F, r, a, n, c, e"
Mama na prenájom,TV Show,"N, o, n,  , d, i, s, p, o, n, i, b, l, e,  , e, n,  , F, r, a, n, c, e"
Ici tout commence,TV Show,"N, o, n,  , d, i, s, p, o, n, i, b, l, e,  , e, n,  , F, r, a, n, c, e"
Dragon Ball DAIMA,TV Show,"Netflix, Netflix basic with Ads"
Brugklas,TV Show,"N, o, n,  , d, i, s, p, o, n, i, b, l, e,  , e, n,  , F, r, a, n, c, e"
Volta por Cima,TV Show,"N, o, n,  , d, i, s, p, o, n, i, b, l, e,  , e, n,  , F, r, a, n, c, e"
Agatha All Along,TV Show,"N, o, n,  , d, i, s, p, o, n, i, b, l, e,  , e, n,  , F, r, a, n, c, e"
"Fugitivas, en busca de la libertad",TV Show,"N, o, n,  , d, i, s, p, o, n, i, b, l, e,  , e, n,  , F, r, a, n, c, e"
용감무쌍 용수정,TV Show,"N, o, n,  , d, i, s, p, o, n, i, b, l, e,  , e, n,  , F, r, a, n, c, e"
Tulsa King,TV Show,"N, o, n,  , d, i, s, p, o, n, i, b, l, e,  , e, n,  , F, r, a, n, c, e"
Strictly Come Dancing: It Takes Two,TV Show,"N, o, n,  , d, i, s, p, o, n, i, b, l, e,  , e, n,  , F, r, a, n, c, e"
Grey's Anatomy,TV Show,"N, o, n,  , d, i, s, p, o, n, i, b, l, e,  , e, n,  , F, r, a, n, c, e"
Kelders van Geheime,TV Show,"N, o, n,  , d, i, s, p, o, n, i, b, l, e,  , e, n,  , F, r, a, n, c, e"
Ready Steady Cook South Africa,TV Show,"N, o, n,  , d, i, s, p, o, n, i, b, l, e,  , e, n,  , F, r, a, n, c, e"
Les Simpson,TV Show,"N, o, n,  , d, i, s, p, o, n, i, b, l, e,  , e, n,  , F, r, a, n, c, e"
Mania de Você,TV Show,"N, o, n,  , d, i, s, p, o, n, i, b, l, e,  , e, n,  , F, r, a, n, c, e"
Al Ameel,TV Show,"N, o, n,  , d, i, s, p, o, n, i, b, l, e,  , e, n,  , F, r, a, n, c, e"
The Penguin,TV Show,"N, o, n,  , d, i, s, p, o, n, i, b, l, e,  , e, n,  , F, r, a, n, c, e"
New York Unité Spéciale,TV Show,"N, o, n,  , d, i, s, p, o, n, i, b, l, e,  , e, n,  , F, r, a, n, c, e"
Overflow,TV Show,"N, o, n,  , d, i, s, p, o, n, i, b, l, e,  , e, n,  , F, r, a, n, c, e"
Prison Break,TV Show,"Netflix, Netflix basic with Ads"
Ulice,TV Show,"N, o, n,  , d, i, s, p, o, n, i, b, l, e,  , e, n,  , F, r, a, n, c, e"
人民警察,TV Show,"N, o, n,  , d, i, s, p, o, n, i, b, l, e,  , e, n,  , F, r, a, n, c, e"
A Promessa,TV Show,"N, o, n,  , d, i, s, p, o, n, i, b, l, e,  , e, n,  , F, r, a, n, c, e"
春花焰,TV Show,"N, o, n,  , d, i, s, p, o, n, i, b, l, e,  , e, n,  , F, r, a, n, c, e"
श्रीमद् रामायण,TV Show,"N, o, n,  , d, i, s, p, o, n, i, b, l, e,  , e, n,  , F, r, a, n, c, e"
Binnelanders,TV Show,"N, o, n,  , d, i, s, p, o, n, i, b, l, e,  , e, n,  , F, r, a, n, c, e"
Pituca Sin Lucas,TV Show,"N, o, n,  , d, i, s, p, o, n, i, b, l, e,  , e, n,  , F, r, a, n, c, e"
Love Island,TV Show,"N, o, n,  , d, i, s, p, o, n, i, b, l, e,  , e, n,  , F, r, a, n, c, e"
Tulsa King,TV Show,"N, o, n,  , d, i, s, p, o, n, i, b, l, e,  , e, n,  , F, r, a, n, c, e"
Cacau,TV Show,"N, o, n,  , d, i, s, p, o, n, i, b, l, e,  , e, n,  , F, r, a, n, c, e"
Come Home Love: Lo and Behold,TV Show,"N, o, n,  , d, i, s, p, o, n, i, b, l, e,  , e, n,  , F, r, a, n, c, e"
Senhora do Mar,TV Show,"N, o, n,  , d, i, s, p, o, n, i, b, l, e,  , e, n,  , F, r, a, n, c, e"
Een Eigen Huis,TV Show,"N, o, n,  , d, i, s, p, o, n, i, b, l, e,  , e, n,  , F, r, a, n, c, e"
Pulang Araw,TV Show,"N, o, n,  , d, i, s, p, o, n, i, b, l, e,  , e, n,  , F, r, a, n, c, e"
"Plus belle la vie, encore plus belle",TV Show,"N, o, n,  , d, i, s, p, o, n, i, b, l, e,  , e, n,  , F, r, a, n, c, e"
The Penguin,TV Show,"N, o, n,  , d, i, s, p, o, n, i, b, l, e,  , e, n,  , F, r, a, n, c, e"
¿Ganar o servir?,TV Show,"N, o, n,  , d, i, s, p, o, n, i, b, l, e,  , e, n,  , F, r, a, n, c, e"
Prison Break,TV Show,"Netflix, Netflix basic with Ads"
New York Unité Spéciale,TV Show,"N, o, n,  , d, i, s, p, o, n, i, b, l, e,  , e, n,  , F, r, a, n, c, e"
春花焰,TV Show,"N, o, n,  , d, i, s, p, o, n, i, b, l, e,  , e, n,  , F, r, a, n, c, e"
Teta Zozo,TV Show,"N, o, n,  , d, i, s, p, o, n, i, b, l, e,  , e, n,  , F, r, a, n, c, e"
Vandaag Inside,TV Show,"N, o, n,  , d, i, s, p, o, n, i, b, l, e,  , e, n,  , F, r, a, n, c, e"
Teacup,TV Show,"N, o, n,  , d, i, s, p, o, n, i, b, l, e,  , e, n,  , F, r, a, n, c, e"
Le Seigneur des anneaux : Les Anneaux de pouvoir,TV Show,"N, o, n,  , d, i, s, p, o, n, i, b, l, e,  , e, n,  , F, r, a, n, c, e"
Yalı Çapkını,TV Show,"N, o, n,  , d, i, s, p, o, n, i, b, l, e,  , e, n,  , F, r, a, n, c, e"
NCIS : Enquêtes spéciales,TV Show,"Canal+, Paramount Plus, Paramount+ Amazon Channel, Paramount Plus Apple TV Channel "
Diepe Waters,TV Show,"N, o, n,  , d, i, s, p, o, n, i, b, l, e,  , e, n,  , F, r, a, n, c, e"
برغم القانون,TV Show,"N, o, n,  , d, i, s, p, o, n, i, b, l, e,  , e, n,  , F, r, a, n, c, e"
Lang Leve de Liefde,TV Show,"N, o, n,  , d, i, s, p, o, n, i, b, l, e,  , e, n,  , F, r, a, n, c, e"
Game of Thrones,TV Show,"N, o, n,  , d, i, s, p, o, n, i, b, l, e,  , e, n,  , F, r, a, n, c, e"
The Rookie : Le Flic de Los Angeles,TV Show,"N, o, n,  , d, i, s, p, o, n, i, b, l, e,  , e, n,  , F, r, a, n, c, e"
Late Night with Seth Meyers,TV Show,"N, o, n,  , d, i, s, p, o, n, i, b, l, e,  , e, n,  , F, r, a, n, c, e"
Lucifer,TV Show,"N, o, n,  , d, i, s, p, o, n, i, b, l, e,  , e, n,  , F, r, a, n, c, e"
Cacau,TV Show,"N, o, n,  , d, i, s, p, o, n, i, b, l, e,  , e, n,  , F, r, a, n, c, e"
Senhora do Mar,TV Show,"N, o, n,  , d, i, s, p, o, n, i, b, l, e,  , e, n,  , F, r, a, n, c, e"
DAN DA DAN,TV Show,"N, o, n,  , d, i, s, p, o, n, i, b, l, e,  , e, n,  , F, r, a, n, c, e"
Een Eigen Huis,TV Show,"N, o, n,  , d, i, s, p, o, n, i, b, l, e,  , e, n,  , F, r, a, n, c, e"
Dexter,TV Show,"N, o, n,  , d, i, s, p, o, n, i, b, l, e,  , e, n,  , F, r, a, n, c, e"
Pulang Araw,TV Show,"N, o, n,  , d, i, s, p, o, n, i, b, l, e,  , e, n,  , F, r, a, n, c, e"
Shameless,TV Show,"N, o, n,  , d, i, s, p, o, n, i, b, l, e,  , e, n,  , F, r, a, n, c, e"
"Plus belle la vie, encore plus belle",TV Show,"N, o, n,  , d, i, s, p, o, n, i, b, l, e,  , e, n,  , F, r, a, n, c, e"
Le Tonight Show,TV Show,"N, o, n,  , d, i, s, p, o, n, i, b, l, e,  , e, n,  , F, r, a, n, c, e"
Watch What Happens Live with Andy Cohen,TV Show,"N, o, n,  , d, i, s, p, o, n, i, b, l, e,  , e, n,  , F, r, a, n, c, e"
Good Doctor,TV Show,"N, o, n,  , d, i, s, p, o, n, i, b, l, e,  , e, n,  , F, r, a, n, c, e"
Rüzgarlı Tepe,TV Show,"N, o, n,  , d, i, s, p, o, n, i, b, l, e,  , e, n,  , F, r, a, n, c, e"
Esprits criminels,TV Show,"N, o, n,  , d, i, s, p, o, n, i, b, l, e,  , e, n,  , F, r, a, n, c, e"
No Rancho Fundo,TV Show,"N, o, n,  , d, i, s, p, o, n, i, b, l, e,  , e, n,  , F, r, a, n, c, e"
The Resident,TV Show,"N, o, n,  , d, i, s, p, o, n, i, b, l, e,  , e, n,  , F, r, a, n, c, e"
Yellowstone,TV Show,"N, o, n,  , d, i, s, p, o, n, i, b, l, e,  , e, n,  , F, r, a, n, c, e"
Vikings,TV Show,"N, o, n,  , d, i, s, p, o, n, i, b, l, e,  , e, n,  , F, r, a, n, c, e"
食贫道,TV Show,"N, o, n,  , d, i, s, p, o, n, i, b, l, e,  , e, n,  , F, r, a, n, c, e"
Blacklist,TV Show,"N, o, n,  , d, i, s, p, o, n, i, b, l, e,  , e, n,  , F, r, a, n, c, e"
"Suits, avocats sur mesure",TV Show,"Amazon Prime Video, Molotov TV"
The Walking Dead,TV Show,"N, o, n,  , d, i, s, p, o, n, i, b, l, e,  , e, n,  , F, r, a, n, c, e"
Cobra Kai,TV Show,"N, o, n,  , d, i, s, p, o, n, i, b, l, e,  , e, n,  , F, r, a, n, c, e"
Vandaag Inside,TV Show,"N, o, n,  , d, i, s, p, o, n, i, b, l, e,  , e, n,  , F, r, a, n, c, e"
Dr House,TV Show,"Canal+, Cine+ OCS Amazon Channel "
Lost : Les Disparus,TV Show,"N, o, n,  , d, i, s, p, o, n, i, b, l, e,  , e, n,  , F, r, a, n, c, e"
S.W.A.T.,TV Show,"N, o, n,  , d, i, s, p, o, n, i, b, l, e,  , e, n,  , F, r, a, n, c, e"
Rick et Morty,TV Show,"N, o, n,  , d, i, s, p, o, n, i, b, l, e,  , e, n,  , F, r, a, n, c, e"
Jujutsu Kaisen,TV Show,"N, o, n,  , d, i, s, p, o, n, i, b, l, e,  , e, n,  , F, r, a, n, c, e"
The Boys,TV Show,"N, o, n,  , d, i, s, p, o, n, i, b, l, e,  , e, n,  , F, r, a, n, c, e"
The Tonight Show avec Johnny Carson,TV Show,"N, o, n,  , d, i, s, p, o, n, i, b, l, e,  , e, n,  , F, r, a, n, c, e"
Peaky Blinders,TV Show,"N, o, n,  , d, i, s, p, o, n, i, b, l, e,  , e, n,  , F, r, a, n, c, e"
Inspecteur Barnaby,TV Show,Shadowz Amazon Channel
Les Griffin,TV Show,"N, o, n,  , d, i, s, p, o, n, i, b, l, e,  , e, n,  , F, r, a, n, c, e"
Diepe Waters,TV Show,"N, o, n,  , d, i, s, p, o, n, i, b, l, e,  , e, n,  , F, r, a, n, c, e"
The Walking Dead : Daryl Dixon,TV Show,"N, o, n,  , d, i, s, p, o, n, i, b, l, e,  , e, n,  , F, r, a, n, c, e"
忍たま乱太郎,TV Show,"N, o, n,  , d, i, s, p, o, n, i, b, l, e,  , e, n,  , F, r, a, n, c, e"
The Late Show with Stephen Colbert,TV Show,"N, o, n,  , d, i, s, p, o, n, i, b, l, e,  , e, n,  , F, r, a, n, c, e"
しーくれっとみっしょん～潜入捜査官は絶対に負けない！～,TV Show,"N, o, n,  , d, i, s, p, o, n, i, b, l, e,  , e, n,  , F, r, a, n, c, e"
"New York, police judiciaire",TV Show,"N, o, n,  , d, i, s, p, o, n, i, b, l, e,  , e, n,  , F, r, a, n, c, e"
برغم القانون,TV Show,"N, o, n,  , d, i, s, p, o, n, i, b, l, e,  , e, n,  , F, r, a, n, c, e"
The Late Late Show with Craig Ferguson,TV Show,"N, o, n,  , d, i, s, p, o, n, i, b, l, e,  , e, n,  , F, r, a, n, c, e"
拜托了，花戎少女,TV Show,"N, o, n,  , d, i, s, p, o, n, i, b, l, e,  , e, n,  , F, r, a, n, c, e"
Star Academy,TV Show,"N, o, n,  , d, i, s, p, o, n, i, b, l, e,  , e, n,  , F, r, a, n, c, e"
Re:ZERO -Starting Life in Another World-,TV Show,"N, o, n,  , d, i, s, p, o, n, i, b, l, e,  , e, n,  , F, r, a, n, c, e"
Outer Banks,TV Show,Amazon Prime Video
House of the Dragon,TV Show,"N, o, n,  , d, i, s, p, o, n, i, b, l, e,  , e, n,  , F, r, a, n, c, e"
The Price Is Right,TV Show,"N, o, n,  , d, i, s, p, o, n, i, b, l, e,  , e, n,  , F, r, a, n, c, e"
Bones,TV Show,Disney Plus
Heartland,TV Show,Shadowz
Young Sheldon,TV Show,"N, o, n,  , d, i, s, p, o, n, i, b, l, e,  , e, n,  , F, r, a, n, c, e"
9-1-1,TV Show,"N, o, n,  , d, i, s, p, o, n, i, b, l, e,  , e, n,  , F, r, a, n, c, e"
"Miraculous, les aventures de Ladybug et Chat Noir",TV Show,"N, o, n,  , d, i, s, p, o, n, i, b, l, e,  , e, n,  , F, r, a, n, c, e"
Mentalist,TV Show,Paramount Plus Apple TV Channel 
Waku Waku,TV Show,"N, o, n,  , d, i, s, p, o, n, i, b, l, e,  , e, n,  , F, r, a, n, c, e"
Chicago Fire,TV Show,"N, o, n,  , d, i, s, p, o, n, i, b, l, e,  , e, n,  , F, r, a, n, c, e"
Duel Masters,TV Show,"N, o, n,  , d, i, s, p, o, n, i, b, l, e,  , e, n,  , F, r, a, n, c, e"
Mentalist,TV Show,Paramount Plus Apple TV Channel 
Vampire Diaries,TV Show,"N, o, n,  , d, i, s, p, o, n, i, b, l, e,  , e, n,  , F, r, a, n, c, e"
वागले की दुनिया,TV Show,"N, o, n,  , d, i, s, p, o, n, i, b, l, e,  , e, n,  , F, r, a, n, c, e"
House of the Dragon,TV Show,"N, o, n,  , d, i, s, p, o, n, i, b, l, e,  , e, n,  , F, r, a, n, c, e"
Re:ZERO -Starting Life in Another World-,TV Show,"N, o, n,  , d, i, s, p, o, n, i, b, l, e,  , e, n,  , F, r, a, n, c, e"
ダウンタウンのガキの使いやあらへんで！,TV Show,"N, o, n,  , d, i, s, p, o, n, i, b, l, e,  , e, n,  , F, r, a, n, c, e"
Young Sheldon,TV Show,"N, o, n,  , d, i, s, p, o, n, i, b, l, e,  , e, n,  , F, r, a, n, c, e"
Inspecteur Barnaby,TV Show,Shadowz Amazon Channel
Na Wspólnej,TV Show,"N, o, n,  , d, i, s, p, o, n, i, b, l, e,  , e, n,  , F, r, a, n, c, e"
Ranma ½,TV Show,"N, o, n,  , d, i, s, p, o, n, i, b, l, e,  , e, n,  , F, r, a, n, c, e"
След,TV Show,"N, o, n,  , d, i, s, p, o, n, i, b, l, e,  , e, n,  , F, r, a, n, c, e"
Chicago Fire,TV Show,"N, o, n,  , d, i, s, p, o, n, i, b, l, e,  , e, n,  , F, r, a, n, c, e"
你好，星期六,TV Show,"N, o, n,  , d, i, s, p, o, n, i, b, l, e,  , e, n,  , F, r, a, n, c, e"
Le Daily Show,TV Show,"N, o, n,  , d, i, s, p, o, n, i, b, l, e,  , e, n,  , F, r, a, n, c, e"
Monstres : L'Histoire de Lyle et Erik Menendez,TV Show,"N, o, n,  , d, i, s, p, o, n, i, b, l, e,  , e, n,  , F, r, a, n, c, e"
Kamen Rider,TV Show,"N, o, n,  , d, i, s, p, o, n, i, b, l, e,  , e, n,  , F, r, a, n, c, e"
El secreto del río,TV Show,"N, o, n,  , d, i, s, p, o, n, i, b, l, e,  , e, n,  , F, r, a, n, c, e"
P-Valley,TV Show,"N, o, n,  , d, i, s, p, o, n, i, b, l, e,  , e, n,  , F, r, a, n, c, e"
乡村爱情,TV Show,"N, o, n,  , d, i, s, p, o, n, i, b, l, e,  , e, n,  , F, r, a, n, c, e"
American Dad!,TV Show,"FILMO, Shadowz, Universcine, Universcine Amazon Channel, Filmo Amazon Channel, Molotov TV"
Blue Lock,TV Show,"N, o, n,  , d, i, s, p, o, n, i, b, l, e,  , e, n,  , F, r, a, n, c, e"
De Avondshow met Arjen Lubach,TV Show,"N, o, n,  , d, i, s, p, o, n, i, b, l, e,  , e, n,  , F, r, a, n, c, e"
Mayday : Dangers dans le ciel,TV Show,"Canal+, Paramount+ Amazon Channel"
The Late Late Show with James Corden,TV Show,"N, o, n,  , d, i, s, p, o, n, i, b, l, e,  , e, n,  , F, r, a, n, c, e"
SEAL Team,TV Show,"N, o, n,  , d, i, s, p, o, n, i, b, l, e,  , e, n,  , F, r, a, n, c, e"
Friends,TV Show,"N, o, n,  , d, i, s, p, o, n, i, b, l, e,  , e, n,  , F, r, a, n, c, e"
Rüzgarlı Tepe,TV Show,"N, o, n,  , d, i, s, p, o, n, i, b, l, e,  , e, n,  , F, r, a, n, c, e"
Chicago Police Department,TV Show,"N, o, n,  , d, i, s, p, o, n, i, b, l, e,  , e, n,  , F, r, a, n, c, e"
猪猪侠,TV Show,"N, o, n,  , d, i, s, p, o, n, i, b, l, e,  , e, n,  , F, r, a, n, c, e"
Flash,TV Show,"N, o, n,  , d, i, s, p, o, n, i, b, l, e,  , e, n,  , F, r, a, n, c, e"
東張西望,TV Show,"N, o, n,  , d, i, s, p, o, n, i, b, l, e,  , e, n,  , F, r, a, n, c, e"
Stranger Things,TV Show,"N, o, n,  , d, i, s, p, o, n, i, b, l, e,  , e, n,  , F, r, a, n, c, e"
The Bidding Room,TV Show,"N, o, n,  , d, i, s, p, o, n, i, b, l, e,  , e, n,  , F, r, a, n, c, e"
Dragon Ball Z,TV Show,"N, o, n,  , d, i, s, p, o, n, i, b, l, e,  , e, n,  , F, r, a, n, c, e"
Star Wars : The Clone Wars,TV Show,"N, o, n,  , d, i, s, p, o, n, i, b, l, e,  , e, n,  , F, r, a, n, c, e"
The Seven Deadly Sins: Four Knights of the Apocalypse,TV Show,"N, o, n,  , d, i, s, p, o, n, i, b, l, e,  , e, n,  , F, r, a, n, c, e"
开心超人联盟,TV Show,"N, o, n,  , d, i, s, p, o, n, i, b, l, e,  , e, n,  , F, r, a, n, c, e"
Фитиль,TV Show,"N, o, n,  , d, i, s, p, o, n, i, b, l, e,  , e, n,  , F, r, a, n, c, e"
"Miraculous, les aventures de Ladybug et Chat Noir",TV Show,"N, o, n,  , d, i, s, p, o, n, i, b, l, e,  , e, n,  , F, r, a, n, c, e"
정글의 법칙,TV Show,"N, o, n,  , d, i, s, p, o, n, i, b, l, e,  , e, n,  , F, r, a, n, c, e"
Les Experts,TV Show,"N, o, n,  , d, i, s, p, o, n, i, b, l, e,  , e, n,  , F, r, a, n, c, e"
Kuruluş Osman,TV Show,"N, o, n,  , d, i, s, p, o, n, i, b, l, e,  , e, n,  , F, r, a, n, c, e"
AIBOU: Tokyo Detective Duo,TV Show,"N, o, n,  , d, i, s, p, o, n, i, b, l, e,  , e, n,  , F, r, a, n, c, e"
슈퍼맨이 돌아왔다,TV Show,"N, o, n,  , d, i, s, p, o, n, i, b, l, e,  , e, n,  , F, r, a, n, c, e"
Sur les lieux du crime,TV Show,"N, o, n,  , d, i, s, p, o, n, i, b, l, e,  , e, n,  , F, r, a, n, c, e"
Futurama,TV Show,"N, o, n,  , d, i, s, p, o, n, i, b, l, e,  , e, n,  , F, r, a, n, c, e"
Charmsukh,TV Show,"N, o, n,  , d, i, s, p, o, n, i, b, l, e,  , e, n,  , F, r, a, n, c, e"
Hellbound,TV Show,"N, o, n,  , d, i, s, p, o, n, i, b, l, e,  , e, n,  , F, r, a, n, c, e"
Match of the Day,TV Show,"N, o, n,  , d, i, s, p, o, n, i, b, l, e,  , e, n,  , F, r, a, n, c, e"
Reacher,TV Show,"N, o, n,  , d, i, s, p, o, n, i, b, l, e,  , e, n,  , F, r, a, n, c, e"
乃木坂工事中,TV Show,"N, o, n,  , d, i, s, p, o, n, i, b, l, e,  , e, n,  , F, r, a, n, c, e"
7de Laan,TV Show,"N, o, n,  , d, i, s, p, o, n, i, b, l, e,  , e, n,  , F, r, a, n, c, e"
Supergirl,TV Show,"N, o, n,  , d, i, s, p, o, n, i, b, l, e,  , e, n,  , F, r, a, n, c, e"
NCIS : Los Angeles,TV Show,"N, o, n,  , d, i, s, p, o, n, i, b, l, e,  , e, n,  , F, r, a, n, c, e"
Élite,TV Show,"N, o, n,  , d, i, s, p, o, n, i, b, l, e,  , e, n,  , F, r, a, n, c, e"
Fargo,TV Show,"N, o, n,  , d, i, s, p, o, n, i, b, l, e,  , e, n,  , F, r, a, n, c, e"
아이돌 라디오,TV Show,"N, o, n,  , d, i, s, p, o, n, i, b, l, e,  , e, n,  , F, r, a, n, c, e"
Souryo to Majiwaru Shikiyoku no Yoru ni...,TV Show,"N, o, n,  , d, i, s, p, o, n, i, b, l, e,  , e, n,  , F, r, a, n, c, e"
SPY x FAMILY,TV Show,"N, o, n,  , d, i, s, p, o, n, i, b, l, e,  , e, n,  , F, r, a, n, c, e"
霹靂布袋戲,TV Show,"N, o, n,  , d, i, s, p, o, n, i, b, l, e,  , e, n,  , F, r, a, n, c, e"
Honest Trailers,TV Show,"N, o, n,  , d, i, s, p, o, n, i, b, l, e,  , e, n,  , F, r, a, n, c, e"
Bob's Burgers,TV Show,"N, o, n,  , d, i, s, p, o, n, i, b, l, e,  , e, n,  , F, r, a, n, c, e"
Euphoria,TV Show,"N, o, n,  , d, i, s, p, o, n, i, b, l, e,  , e, n,  , F, r, a, n, c, e"
Hawaii 5-0,TV Show,"N, o, n,  , d, i, s, p, o, n, i, b, l, e,  , e, n,  , F, r, a, n, c, e"
Phinéas et Ferb,TV Show,"N, o, n,  , d, i, s, p, o, n, i, b, l, e,  , e, n,  , F, r, a, n, c, e"
香港八十系列,TV Show,"N, o, n,  , d, i, s, p, o, n, i, b, l, e,  , e, n,  , F, r, a, n, c, e"
Les 100,TV Show,"N, o, n,  , d, i, s, p, o, n, i, b, l, e,  , e, n,  , F, r, a, n, c, e"
Воронины,TV Show,"N, o, n,  , d, i, s, p, o, n, i, b, l, e,  , e, n,  , F, r, a, n, c, e"
Spartacus,TV Show,"N, o, n,  , d, i, s, p, o, n, i, b, l, e,  , e, n,  , F, r, a, n, c, e"
Late Show with David Letterman,TV Show,"N, o, n,  , d, i, s, p, o, n, i, b, l, e,  , e, n,  , F, r, a, n, c, e"
Fear the Walking Dead,TV Show,"N, o, n,  , d, i, s, p, o, n, i, b, l, e,  , e, n,  , F, r, a, n, c, e"
奔跑吧！兄弟,TV Show,"N, o, n,  , d, i, s, p, o, n, i, b, l, e,  , e, n,  , F, r, a, n, c, e"
NCIS: Origins,TV Show,"N, o, n,  , d, i, s, p, o, n, i, b, l, e,  , e, n,  , F, r, a, n, c, e"
Yarichin☆Bitch-bu,TV Show,"N, o, n,  , d, i, s, p, o, n, i, b, l, e,  , e, n,  , F, r, a, n, c, e"
Blue Exorcist,TV Show,"N, o, n,  , d, i, s, p, o, n, i, b, l, e,  , e, n,  , F, r, a, n, c, e"
"위대한 수업, 그레이트 마인즈",TV Show,"N, o, n,  , d, i, s, p, o, n, i, b, l, e,  , e, n,  , F, r, a, n, c, e"
Modern Family,TV Show,MGM Amazon Channel
2015考古进行时,TV Show,Amazon Prime Video
FBI,TV Show,"N, o, n,  , d, i, s, p, o, n, i, b, l, e,  , e, n,  , F, r, a, n, c, e"
